USE AutoRental;

-- INSERCIONES TABLA SUCURSAL


INSERT INTO Sucursal (id_sucursal, ciudad, direccion, telefono_fijo, telefono_celular, correo_electronico) VALUES
(1, 'Bogotá', 'Calle 123 #45-67', '6011234567', '3001234567', 'contacto1@bogota.com'),
(2, 'Medellín', 'Carrera 50 #80-21', '6047654321', '3017654321', 'contacto2@medellin.com'),
(3, 'Cali', 'Calle 5 #65-21', '6025432167', '3025432167', 'contacto3@cali.com'),
(4, 'Barranquilla', 'Avenida 30 #45-23', '6053456789', '3033456789', 'contacto4@barranquilla.com'),
(5, 'Cartagena', 'Carrera 100 #34-45', '6059876543', '3049876543', 'contacto5@cartagena.com');

-- INSERCIONES TABLA EMPLEADO

INSERT INTO Empleado (id_empleado, id_sucursal, cedula, nombres, apellidos, direccion, ciudad_residencia, celular, correo_electronico) VALUES
(1, 1, '1234567890', 'Carlos', 'Ramírez', 'Calle 12 #20-40', 'Pitalito', '3001234567', 'carlos.ramirez@pitalito.com'),
(2, 2, '1234567891', 'Lucía', 'Gómez', 'Carrera 5 #30-60', 'Duitama', '3002345678', 'lucia.gomez@duitama.com'),
(3, 3, '1234567892', 'Andrés', 'Martínez', 'Avenida 10 #15-70', 'Florencia', '3003456789', 'andres.martinez@florencia.com'),
(4, 4, '1234567893', 'Ana', 'López', 'Calle 25 #10-60', 'Acacías', '3004567890', 'ana.lopez@acacias.com'),
(5, 5, '1234567894', 'Jorge', 'Pérez', 'Avenida 7 #30-40', 'Flandes', '3005678901', 'jorge.perez@flandes.com'),
(6, 1, '1234567895', 'María', 'Rodríguez', 'Calle 20 #40-70', 'Mocoa', '3006789012', 'maria.rodriguez@mocoa.com'),
(7, 2, '1234567896', 'Esteban', 'Morales', 'Carrera 10 #15-40', 'San Gil', '3007890123', 'esteban.morales@sangil.com'),
(8, 3, '1234567897', 'Laura', 'Castro', 'Avenida 5 #25-50', 'Sabanalarga', '3008901234', 'laura.castro@sabanalarga.com'),
(9, 4, '1234567898', 'Juan', 'Jiménez', 'Calle 8 #15-30', 'El Carmen de Bolívar', '3009012345', 'juan.jimenez@carmenbolivar.com'),
(10, 5, '1234567899', 'Fernanda', 'Navarro', 'Carrera 9 #20-70', 'Magangué', '3000123456', 'fernanda.navarro@magangue.com'),
(11, 1, '1234567900', 'Ricardo', 'Cruz', 'Avenida 6 #10-60', 'Turbaco', '3001234567', 'ricardo.cruz@turbaco.com'),
(12, 2, '1234567901', 'Camila', 'Herrera', 'Calle 3 #15-40', 'Arjona', '3002345678', 'camila.herrera@arjona.com'),
(13, 3, '1234567902', 'Luis', 'García', 'Carrera 7 #20-30', 'Sincelejo', '3003456789', 'luis.garcia@sincelejo.com'),
(14, 4, '1234567903', 'Mónica', 'Medina', 'Avenida 9 #30-70', 'Corozal', '3004567890', 'monica.medina@corozal.com'),
(15, 5, '1234567904', 'Francisco', 'Guzmán', 'Calle 4 #10-50', 'San Onofre', '3005678901', 'francisco.guzman@sanonofre.com'),
(16, 1, '1234567905', 'Sofía', 'Ruiz', 'Carrera 12 #25-50', 'Guamo', '3006789012', 'sofia.ruiz@guamo.com'),
(17, 2, '1234567906', 'David', 'Díaz', 'Avenida 3 #15-20', 'Melgar', '3007890123', 'david.diaz@melgar.com'),
(18, 3, '1234567907', 'Tatiana', 'Ríos', 'Calle 5 #20-70', 'El Espinal', '3008901234', 'tatiana.rios@espinal.com'),
(19, 4, '1234567908', 'Diego', 'Luna', 'Carrera 11 #30-60', 'Honda', '3009012345', 'diego.luna@honda.com'),
(20, 5, '1234567909', 'Alejandra', 'Salazar', 'Avenida 2 #10-50', 'San Sebastián', '3000123456', 'alejandra.salazar@sansebastian.com'),
(21, 1, '1234567910', 'Carlos', 'Mendoza', 'Calle 14 #20-40', 'Manatí', '3001234567', 'carlos.mendoza@manati.com'),
(22, 2, '1234567911', 'Claudia', 'Sánchez', 'Carrera 16 #30-70', 'Santa Rosa de Cabal', '3002345678', 'claudia.sanchez@santarosa.com'),
(23, 3, '1234567912', 'Ricardo', 'Figueroa', 'Calle 9 #15-40', 'La Virginia', '3003456789', 'ricardo.figueroa@lavirginia.com'),
(24, 4, '1234567913', 'Patricia', 'Jiménez', 'Avenida 18 #40-60', 'Belén de Umbría', '3004567890', 'patricia.jimenez@belenumbria.com'),
(25, 5, '1234567914', 'Alberto', 'González', 'Carrera 10 #25-50', 'Anserma', '3005678901', 'alberto.gonzalez@anserma.com'),
(26, 1, '1234567915', 'Valeria', 'Córdoba', 'Calle 2 #30-60', 'Pensilvania', '3006789012', 'valeria.cordoba@pensilvania.com'),
(27, 2, '1234567916', 'Emilio', 'Ortíz', 'Avenida 13 #20-40', 'Riosucio', '3007890123', 'emilio.ortiz@riosucio.com'),
(28, 3, '1234567917', 'Gabriela', 'Torres', 'Calle 7 #30-50', 'La Dorada', '3008901234', 'gabriela.torres@ladorada.com'),
(29, 4, '1234567918', 'Martín', 'Vázquez', 'Carrera 5 #15-40', 'San José del Guaviare', '3009012345', 'martin.vazquez@sanjoseguaviare.com'),
(30, 5, '1234567919', 'Simón', 'García', 'Avenida 12 #20-60', 'El Retorno', '3000123456', 'simon.garcia@elretorno.com'),
(31, 1, '1234567920', 'Verónica', 'Hernández', 'Calle 8 #25-70', 'Mapiripán', '3001234567', 'veronica.hernandez@mapiripan.com'),
(32, 2, '1234567921', 'Fabiola', 'Méndez', 'Carrera 11 #20-70', 'Puerto Rico', '3002345678', 'fabiola.mendez@puertorico.com'),
(33, 3, '1234567922', 'Ricardo', 'Jaramillo', 'Avenida 5 #15-50', 'Miraflores', '3003456789', 'ricardo.jaramillo@miraflores.com'),
(34, 4, '1234567923', 'Susana', 'Castillo', 'Calle 9 #20-60', 'Cumaribo', '3004567890', 'susana.castillo@cumaribo.com'),
(35, 5, '1234567924', 'Marta', 'Guzmán', 'Carrera 14 #25-40', 'Santa Rosalía', '3005678901', 'marta.guzman@santarosalia.com'),
(36, 1, '1234567925', 'Antonio', 'Serrano', 'Calle 4 #10-70', 'San José del Fragua', '3006789012', 'antonio.serrano@sanfragua.com'),
(37, 2, '1234567926', 'Alba', 'Hurtado', 'Avenida 6 #15-40', 'Valparaíso', '3007890123', 'alba.hurtado@valparaiso.com'),
(38, 3, '1234567927', 'Javier', 'Vargas', 'Calle 5 #25-60', 'Puerto Caicedo', '3008901234', 'javier.vargas@puertocaicedo.com'),
(39, 4, '1234567928', 'Julia', 'Arce', 'Carrera 8 #20-50', 'Chiriguaná', '3009012345', 'julia.arce@chiriguana.com'),
(40, 5, '1234567929', 'Manuel', 'Rivera', 'Avenida 15 #30-70', 'Cúcuta', '3000123456', 'manuel.rivera@cucuta.com'),
(41, 1, '1234567930', 'Alina', 'Rendón', 'Calle 3 #10-50', 'Arauca', '3001234567', 'alina.rendon@arauca.com'),
(42, 2, '1234567931', 'Omar', 'Martínez', 'Carrera 12 #20-40', 'Riohacha', '3002345678', 'omar.martinez@riohacha.com'),
(43, 3, '1234567932', 'Clara', 'Díaz', 'Calle 6 #30-60', 'Villavicencio', '3003456789', 'clara.diaz@villavicencio.com'),
(44, 4, '1234567933', 'Carlos', 'Velázquez', 'Avenida 4 #25-50', 'Popayán', '3004567890', 'carlos.velazquez@popayan.com'),
(45, 5, '1234567934', 'Erika', 'Torres', 'Calle 7 #15-40', 'San Andrés', '3005678901', 'erika.torres@sanandres.com'),
(46, 1, '1234567935', 'Héctor', 'Acosta', 'Carrera 9 #10-60', 'Santa Marta', '3006789012', 'hector.acosta@santamarta.com'),
(47, 2, '1234567936', 'Rafael', 'Castillo', 'Avenida 10 #20-30', 'Quibdó', '3007890123', 'rafael.castillo@quibdo.com'),
(48, 3, '1234567937', 'Silvia', 'Moreno', 'Calle 5 #40-70', 'Risaralda', '3008901234', 'silvia.moreno@risaralda.com'),
(49, 4, '1234567938', 'Julian', 'Pineda', 'Carrera 8 #20-40', 'Montería', '3009012345', 'julian.pineda@monteria.com'),
(50, 5, '1234567939', 'Sandra', 'González', 'Calle 11 #15-30', 'Bucaramanga', '3000123456', 'sandra.gonzalez@bucaramanga.com'),
(51, 1, '1234567940', 'José', 'Vega', 'Avenida 4 #20-70', 'Medellín', '3001234567', 'jose.vega@medellin.com'),
(52, 2, '1234567941', 'Mónica', 'Alvarez', 'Calle 3 #25-50', 'Bogotá', '3002345678', 'monica.alvarez@bogota.com'),
(53, 3, '1234567942', 'José', 'Torres', 'Carrera 10 #30-60', 'Cali', '3003456789', 'jose.torres@cali.com'),
(54, 4, '1234567943', 'Laura', 'Díaz', 'Avenida 9 #20-50', 'Cartagena', '3004567890', 'laura.diaz@cartagena.com'),
(55, 5, '1234567944', 'Carlos', 'Hernández', 'Calle 7 #15-30', 'Barranquilla', '3005678901', 'carlos.hernandez@barranquilla.com'),
(56, 1, '1234567945', 'José', 'Mendoza', 'Avenida 5 #30-40', 'Pereira', '3006789012', 'jose.mendoza@pereira.com'),
(57, 2, '1234567946', 'Ana', 'Suárez', 'Calle 2 #25-60', 'Manizales', '3007890123', 'ana.suarez@manizales.com'),
(58, 3, '1234567947', 'Ricardo', 'Cordero', 'Carrera 4 #20-50', 'Bucaramanga', '3008901234', 'ricardo.cordero@bucaramanga.com'),
(59, 4, '1234567948', 'Paula', 'Pineda', 'Calle 10 #15-40', 'Ibagué', '3009012345', 'paula.pineda@ibague.com'),
(60, 5, '1234567949', 'Carlos', 'Márquez', 'Carrera 15 #30-60', 'Santa Marta', '3000123456', 'carlos.marquez@santamarta.com'),
(61, 1, '1234567950', 'Lina', 'Paredes', 'Calle 11 #10-40', 'Chinchiná', '3002345678', 'lina.paredes@chinchina.com'),
(62, 2, '1234567951', 'Felipe', 'Zapata', 'Carrera 5 #30-60', 'Sogamoso', '3003456789', 'felipe.zapata@sogamoso.com'),
(63, 3, '1234567952', 'César', 'Reyes', 'Avenida 10 #15-40', 'Túquerres', '3004567890', 'cesar.reyes@tuquerres.com'),
(64, 4, '1234567953', 'Santiago', 'Serrano', 'Calle 9 #25-50', 'Pasto', '3005678901', 'santiago.serrano@pasto.com'),
(65, 5, '1234567954', 'Isabela', 'Vargas', 'Avenida 3 #20-60', 'Pereira', '3006789012', 'isabela.vargas@pereira.com'),
(66, 1, '1234567955', 'David', 'Sánchez', 'Calle 7 #10-50', 'Armenia', '3007890123', 'david.sanchez@armenia.com'),
(67, 2, '1234567956', 'Teresa', 'Montoya', 'Carrera 6 #25-50', 'Cartago', '3008901234', 'teresa.montoya@cartago.com'),
(68, 3, '1234567957', 'Gabriel', 'Bravo', 'Calle 13 #40-70', 'Bucaramanga', '3009012345', 'gabriel.bravo@bucaramanga.com'),
(69, 4, '1234567958', 'Marina', 'Vásquez', 'Carrera 8 #20-60', 'Ibague', '3000123456', 'marina.vasquez@ibague.com'),
(70, 5, '1234567959', 'Rocío', 'López', 'Avenida 16 #30-40', 'Pasto', '3001234567', 'rocio.lopez@pasto.com'),
(71, 1, '1234567960', 'Pedro', 'González', 'Calle 2 #10-50', 'Montería', '3002345678', 'pedro.gonzalez@monteria.com'),
(72, 2, '1234567961', 'Julieta', 'Suárez', 'Carrera 14 #30-70', 'San Juan de Pasto', '3003456789', 'julieta.suarez@sanjuanpasto.com'),
(73, 3, '1234567962', 'César', 'Ramírez', 'Avenida 11 #15-40', 'Popayán', '3004567890', 'cesar.ramirez@popayan.com'),
(74, 4, '1234567963', 'Sonia', 'Rodríguez', 'Calle 10 #25-50', 'Medellín', '3005678901', 'sonia.rodriguez@medellin.com'),
(75, 5, '1234567964', 'Antonio', 'Salazar', 'Carrera 5 #30-40', 'Cúcuta', '3006789012', 'antonio.salazar@cucuta.com'),
(76, 1, '1234567965', 'Mario', 'Cordero', 'Avenida 2 #10-70', 'San José', '3007890123', 'mario.cordero@sanjose.com'),
(77, 2, '1234567966', 'Mónica', 'Romero', 'Calle 11 #25-60', 'Tuluá', '3008901234', 'monica.romero@tulua.com'),
(78, 3, '1234567967', 'José', 'Paredes', 'Carrera 9 #40-70', 'Armenia', '3009012345', 'jose.paredes@armenia.com'),
(79, 4, '1234567968', 'Luis', 'Sánchez', 'Calle 7 #20-50', 'Pasto', '3000123456', 'luis.sanchez@pasto.com'),
(80, 5, '1234567969', 'Carlos', 'López', 'Avenida 9 #30-50', 'Barranquilla', '3001234567', 'carlos.lopez@barranquilla.com'),
(81, 1, '1234567970', 'Héctor', 'Torres', 'Carrera 6 #10-70', 'Neiva', '3002345678', 'hector.torres@neiva.com'),
(82, 2, '1234567971', 'Elena', 'Martínez', 'Calle 12 #15-30', 'Bucaramanga', '3003456789', 'elena.martinez@bucaramanga.com'),
(83, 3, '1234567972', 'Ricardo', 'Rodríguez', 'Avenida 5 #25-40', 'Pereira', '3004567890', 'ricardo.rodriguez@pereira.com'),
(84, 4, '1234567973', 'María', 'Ramos', 'Calle 6 #20-50', 'Pasto', '3005678901', 'maria.ramos@pasto.com'),
(85, 5, '1234567974', 'Javier', 'Suárez', 'Carrera 3 #10-60', 'Pasto', '3006789012', 'javier.suarez@pasto.com'),
(86, 1, '1234567975', 'Alejandra', 'Gómez', 'Avenida 7 #15-50', 'Neiva', '3007890123', 'alejandra.gomez@neiva.com'),
(87, 2, '1234567976', 'Antonio', 'Rivas', 'Calle 4 #30-60', 'Popayán', '3008901234', 'antonio.rivas@popayan.com'),
(88, 3, '1234567977', 'Susana', 'Ruíz', 'Carrera 5 #40-70', 'Quibdó', '3009012345', 'susana.ruiz@quibdo.com'),
(89, 4, '1234567978', 'Jorge', 'Paredes', 'Avenida 8 #20-40', 'Ibagué', '3000123456', 'jorge.paredes@ibague.com'),
(90, 5, '1234567979', 'Margarita', 'Vásquez', 'Calle 1 #25-50', 'San Juan de Pasto', '3001234567', 'margarita.vasquez@sanjuanpasto.com'),
(91, 1, '1234567980', 'Cristina', 'Martínez', 'Carrera 12 #30-60', 'Bucaramanga', '3002345678', 'cristina.martinez@bucaramanga.com'),
(92, 2, '1234567981', 'Raúl', 'Mendoza', 'Calle 2 #30-50', 'Cartagena', '3003456789', 'raul.mendoza@cartagena.com'),
(93, 3, '1234567982', 'Mauricio', 'Serrano', 'Avenida 9 #10-40', 'Cali', '3004567890', 'mauricio.serrano@cali.com'),
(94, 4, '1234567983', 'Daniela', 'López', 'Calle 8 #20-50', 'Villavicencio', '3005678901', 'daniela.lopez@villavicencio.com'),
(95, 5, '1234567984', 'Juan', 'Gómez', 'Carrera 14 #25-50', 'Neiva', '3006789012', 'juan.gomez@neiva.com'),
(96, 1, '1234567985', 'Sara', 'Martínez', 'Calle 3 #10-30', 'Chinchiná', '3007890123', 'sara.martinez@chinchina.com'),
(97, 2, '1234567986', 'Esteban', 'Vargas', 'Carrera 5 #20-40', 'Bucaramanga', '3008901234', 'esteban.vargas@bucaramanga.com'),
(98, 3, '1234567987', 'Gustavo', 'González', 'Avenida 15 #25-60', 'Cúcuta', '3009012345', 'gustavo.gonzalez@cucuta.com'),
(99, 4, '1234567988', 'Tatiana', 'Rodríguez', 'Calle 4 #30-50', 'San José', '3000123456', 'tatiana.rodriguez@sanjose.com'),
(100, 5, '1234567989', 'Carlos', 'Moreno', 'Carrera 7 #40-70', 'Ibagué', '3001234567', 'carlos.moreno@ibague.com'); 

-- INSERCIONES TABLA CLIENTE

INSERT INTO Cliente (id_cliente, cedula, nombres, apellidos, direccion, ciudad_residencia, celular, correo_electronico) 
VALUES
(1, '1234567890', 'Juan', 'Pérez', 'Calle 1 #10-20', 'Bogotá', '3001234567', 'juan.perez@bogota.com'),
(2, '1234567891', 'Ana', 'Gómez', 'Carrera 5 #30-50', 'Medellín', '3002345678', 'ana.gomez@medellin.com'),
(3, '1234567892', 'Carlos', 'Ramírez', 'Avenida 6 #40-60', 'Cali', '3003456789', 'carlos.ramirez@cali.com'),
(4, '1234567893', 'María', 'López', 'Calle 3 #15-40', 'Cartagena', '3004567890', 'maria.lopez@cartagena.com'),
(5, '1234567894', 'Pedro', 'García', 'Avenida 4 #20-50', 'Barranquilla', '3005678901', 'pedro.garcia@barranquilla.com'),
(6, '1234567895', 'Laura', 'Sánchez', 'Calle 7 #30-40', 'Pereira', '3006789012', 'laura.sanchez@pereira.com'),
(7, '1234567896', 'David', 'Martínez', 'Carrera 9 #50-70', 'Medellín', '3007890123', 'david.martinez@medellin.com'),
(8, '1234567897', 'Javier', 'Rodríguez', 'Calle 8 #10-30', 'Cúcuta', '3008901234', 'javier.rodriguez@cucuta.com'),
(9, '1234567898', 'Marta', 'Torres', 'Avenida 3 #20-30', 'Ibagué', '3009012345', 'marta.torres@ibague.com'),
(10, '1234567899', 'Felipe', 'Hernández', 'Carrera 10 #30-40', 'Bucaramanga', '3000123456', 'felipe.hernandez@bucaramanga.com'),
(11, '1234567900', 'César', 'Vásquez', 'Calle 9 #40-50', 'Pasto', '3001234567', 'cesar.vasquez@pasto.com'),
(12, '1234567901', 'Elena', 'Suárez', 'Carrera 12 #20-70', 'Chinchiná', '3002345678', 'elena.suarez@chinchina.com'),
(13, '1234567902', 'José', 'Vega', 'Avenida 5 #25-50', 'Quibdó', '3003456789', 'jose.vega@quibdo.com'),
(14, '1234567903', 'Ricardo', 'Paredes', 'Calle 4 #10-50', 'Santa Marta', '3004567890', 'ricardo.paredes@santamarta.com'),
(15, '1234567904', 'Silvia', 'Ramos', 'Carrera 6 #30-60', 'Villavicencio', '3005678901', 'silvia.ramos@villavicencio.com'),
(16, '1234567905', 'Lina', 'Martínez', 'Avenida 7 #20-50', 'Neiva', '3006789012', 'lina.martinez@neiva.com'),
(17, '1234567906', 'Ricardo', 'Suárez', 'Calle 12 #15-40', 'Bucaramanga', '3007890123', 'ricardo.suarez@bucaramanga.com'),
(18, '1234567907', 'Patricia', 'Pérez', 'Carrera 11 #20-60', 'Medellín', '3008901234', 'patricia.perez@medellin.com'),
(19, '1234567908', 'Mauricio', 'Serrano', 'Avenida 3 #40-60', 'Cúcuta', '3009012345', 'mauricio.serrano@cucuta.com'),
(20, '1234567909', 'Sandra', 'Alvarez', 'Calle 2 #10-30', 'Barranquilla', '3000123456', 'sandra.alvarez@barranquilla.com'),
(21, '1234567910', 'Esteban', 'González', 'Carrera 5 #20-70', 'Popayán', '3001234567', 'esteban.gonzalez@popayan.com'),
(22, '1234567911', 'Margarita', 'Vargas', 'Avenida 8 #10-40', 'Cali', '3002345678', 'margarita.vargas@cali.com'),
(23, '1234567912', 'Daniel', 'Rodríguez', 'Calle 3 #15-60', 'Cartagena', '3003456789', 'daniel.rodriguez@cartagena.com'),
(24, '1234567913', 'Carla', 'López', 'Carrera 7 #30-40', 'Medellín', '3004567890', 'carla.lopez@medellin.com'),
(25, '1234567914', 'Antonio', 'Hernández', 'Calle 9 #40-50', 'Ibagué', '3005678901', 'antonio.hernandez@ibague.com'),
(26, '1234567915', 'Julieta', 'Suárez', 'Avenida 12 #20-60', 'Popayán', '3006789012', 'julieta.suarez@popayan.com'),
(27, '1234567916', 'Carlos', 'Bravo', 'Carrera 4 #30-50', 'Pasto', '3007890123', 'carlos.bravo@pasto.com'),
(28, '1234567917', 'Ingrid', 'Cordero', 'Calle 3 #50-70', 'Medellín', '3008901234', 'ingrid.cordero@medellin.com'),
(29, '1234567918', 'Patricia', 'Vásquez', 'Carrera 6 #40-70', 'Chinchiná', '3009012345', 'patricia.vasquez@chinchina.com'),
(30, '1234567919', 'Gabriel', 'Martínez', 'Avenida 4 #10-30', 'Santa Marta', '3000123456', 'gabriel.martinez@santamarta.com'),
(31, '1234567920', 'Ricardo', 'Fernández', 'Calle 7 #15-60', 'Bucaramanga', '3001234567', 'ricardo.fernandez@bucaramanga.com'),
(32, '1234567921', 'Julia', 'Paredes', 'Carrera 9 #20-50', 'Popayán', '3002345678', 'julia.paredes@popayan.com'),
(33, '1234567922', 'Luis', 'Rojas', 'Avenida 5 #30-50', 'Neiva', '3003456789', 'luis.rojas@neiva.com'),
(34, '1234567923', 'Beatriz', 'Vargas', 'Calle 1 #20-40', 'Villavicencio', '3004567890', 'beatriz.vargas@villavicencio.com'),
(35, '1234567924', 'Óscar', 'Martínez', 'Carrera 12 #10-30', 'Barranquilla', '3005678901', 'oscar.martinez@barranquilla.com'),
(36, '1234567925', 'Santiago', 'Serrano', 'Calle 10 #30-60', 'Popayán', '3006789012', 'santiago.serrano@popayan.com'),
(37, '1234567926', 'Sandra', 'Torres', 'Avenida 2 #40-60', 'Cúcuta', '3007890123', 'sandra.torres@cucuta.com'),
(38, '1234567927', 'José', 'López', 'Calle 3 #20-70', 'Bucaramanga', '3008901234', 'jose.lopez@bucaramanga.com'),
(39, '1234567928', 'Carolina', 'Gómez', 'Carrera 5 #15-50', 'Neiva', '3009012345', 'carolina.gomez@neiva.com'),
(40, '1234567929', 'David', 'Vega', 'Avenida 6 #40-70', 'Bucaramanga', '3000123456', 'david.vega@bucaramanga.com'),
(41, '1234567930', 'Luis', 'Martínez', 'Calle 2 #30-40', 'Ibagué', '3001234567', 'luis.martinez@ibague.com'),
(42, '1234567931', 'Sofía', 'González', 'Carrera 4 #10-60', 'Barranquilla', '3002345678', 'sofia.gonzalez@barranquilla.com'),
(43, '1234567932', 'Ramón', 'Hernández', 'Avenida 7 #30-60', 'Pasto', '3003456789', 'ramon.hernandez@pasto.com'),
(44, '1234567933', 'Silvia', 'Alvarez', 'Calle 5 #50-70', 'Medellín', '3004567890', 'silvia.alvarez@medellin.com'),
(45, '1234567934', 'Francisco', 'García', 'Carrera 10 #20-30', 'Chinchiná', '3005678901', 'francisco.garcia@chinchina.com'),
(46, '1234567935', 'Liliana', 'López', 'Avenida 6 #10-40', 'Neiva', '3006789012', 'liliana.lopez@neiva.com'),
(47, '1234567936', 'Fernando', 'Suárez', 'Calle 8 #30-50', 'Villavicencio', '3007890123', 'fernando.suarez@villavicencio.com'),
(48, '1234567937', 'Antonio', 'Ramírez', 'Carrera 11 #40-60', 'Popayán', '3008901234', 'antonio.ramirez@popayan.com'),
(49, '1234567938', 'Ricardo', 'Vega', 'Avenida 12 #20-70', 'Cali', '3009012345', 'ricardo.vega@cali.com'),
(50, '1234567939', 'Juliana', 'Bravo', 'Calle 9 #10-40', 'Ibagué', '3000123456', 'juliana.bravo@ibague.com'),
(51, '1234567940', 'Manuel', 'López', 'Carrera 4 #30-60', 'Santa Marta', '3001234567', 'manuel.lopez@santamarta.com'),
(52, '1234567941', 'Carlos', 'Torres', 'Avenida 6 #10-50', 'Cúcuta', '3002345678', 'carlos.torres@cucuta.com'),
(53, '1234567942', 'Rosa', 'González', 'Calle 5 #25-50', 'Barranquilla', '3003456789', 'rosa.gonzalez@barranquilla.com'),
(54, '1234567943', 'Luz', 'Sánchez', 'Carrera 10 #30-50', 'Cali', '3004567890', 'luz.sanchez@cali.com'),
(55, '1234567944', 'Fabiola', 'Martínez', 'Calle 1 #50-60', 'Bucaramanga', '3005678901', 'fabiola.martinez@bucaramanga.com'),
(56, '1234567945', 'Emilio', 'Bravo', 'Carrera 7 #30-40', 'Popayán', '3006789012', 'emilio.bravo@popayan.com'),
(57, '1234567946', 'Andrea', 'Ramos', 'Calle 8 #20-50', 'Pereira', '3007890123', 'andrea.ramos@pereira.com'),
(58, '1234567947', 'Patricia', 'Hernández', 'Avenida 12 #30-50', 'Cúcuta', '3008901234', 'patricia.hernandez@cucuta.com'),
(59, '1234567948', 'Juan', 'Vásquez', 'Calle 9 #50-60', 'Barranquilla', '3009012345', 'juan.vasquez@barranquilla.com'),
(60, '1234567949', 'Lucía', 'Suárez', 'Carrera 5 #20-60', 'Medellín', '3000123456', 'lucia.suarez@medellin.com'),
(61, '1234567950', 'Gustavo', 'Martínez', 'Avenida 6 #40-50', 'Neiva', '3001234567', 'gustavo.martinez@neiva.com'),
(62, '1234567951', 'Ricardo', 'Ramírez', 'Calle 3 #20-40', 'Cali', '3002345678', 'ricardo.ramirez@cali.com'),
(63, '1234567952', 'Marta', 'González', 'Carrera 8 #30-50', 'Bucaramanga', '3003456789', 'marta.gonzalez@bucaramanga.com'),
(64, '1234567953', 'Álvaro', 'Suárez', 'Avenida 7 #50-70', 'Cúcuta', '3004567890', 'alvaro.suarez@cucuta.com'),
(65, '1234567954', 'Sandra', 'Serrano', 'Calle 4 #20-50', 'Santa Marta', '3005678901', 'sandra.serrano@santamarta.com'),
(66, '1234567955', 'Lucía', 'Bravo', 'Carrera 9 #10-30', 'Popayán', '3006789012', 'lucia.bravo@popayan.com'),
(67, '1234567956', 'Mario', 'Hernández', 'Avenida 10 #40-60', 'Villavicencio', '3007890123', 'mario.hernandez@villavicencio.com'),
(68, '1234567957', 'Daniela', 'Alvarez', 'Calle 1 #25-50', 'Neiva', '3008901234', 'daniela.alvarez@neiva.com'),
(69, '1234567958', 'Elena', 'Bravo', 'Carrera 12 #20-70', 'Medellín', '3009012345', 'elena.bravo@medellin.com'),
(70, '1234567959', 'Raúl', 'Pérez', 'Calle 5 #30-50', 'Barranquilla', '3000123456', 'raul.perez@barranquilla.com'),
(71, '1234567960', 'Cristina', 'Rodríguez', 'Carrera 10 #50-70', 'Ibagué', '3001234567', 'cristina.rodriguez@ibague.com'),
(72, '1234567961', 'Héctor', 'González', 'Calle 2 #40-50', 'Pasto', '3002345678', 'hector.gonzalez@pasto.com'),
(73, '1234567962', 'Gabriela', 'López', 'Avenida 9 #20-40', 'Popayán', '3003456789', 'gabriela.lopez@popayan.com'),
(74, '1234567963', 'Alejandra', 'Mendoza', 'Calle 11 #30-60', 'Pereira', '3004567890', 'alejandra.mendoza@pereira.com'),
(75, '1234567964', 'Jorge', 'Suárez', 'Carrera 4 #50-70', 'Neiva', '3005678901', 'jorge.suarez@neiva.com'),
(76, '1234567965', 'Liliana', 'Rivas', 'Avenida 3 #30-50', 'Bucaramanga', '3006789012', 'liliana.rivas@bucaramanga.com'),
(77, '1234567966', 'Héctor', 'Mendoza', 'Calle 7 #15-30', 'Medellín', '3007890123', 'hector.mendoza@medellin.com'),
(78, '1234567967', 'José', 'Paredes', 'Carrera 9 #40-70', 'Armenia', '3008901234', 'jose.paredes@armenia.com'),
(79, '1234567968', 'Luis', 'Sánchez', 'Calle 7 #20-50', 'Pasto', '3000123456', 'luis.sanchez@pasto.com'),
(80, '1234567969', 'Carlos', 'López', 'Avenida 9 #30-50', 'Barranquilla', '3001234567', 'carlos.lopez@barranquilla.com'),
(81, '1234567970', 'Sofía', 'Ramírez', 'Calle 6 #20-40', 'Cali', '3002345678', 'sofia.ramirez@cali.com'),
(82, '1234567971', 'Carlos', 'Serrano', 'Carrera 12 #40-60', 'Pereira', '3003456789', 'carlos.serrano@pereira.com'),
(83, '1234567972', 'María', 'Martínez', 'Avenida 8 #50-70', 'Neiva', '3004567890', 'maria.martinez@neiva.com'),
(84, '1234567973', 'Javier', 'Alvarez', 'Calle 3 #40-60', 'Medellín', '3005678901', 'javier.alvarez@medellin.com'),
(85, '1234567974', 'Elena', 'Suárez', 'Carrera 9 #50-70', 'Ibagué', '3006789012', 'elena.suarez@ibague.com'),
(86, '1234567975', 'Antonio', 'Martínez', 'Avenida 7 #20-50', 'Popayán', '3007890123', 'antonio.martinez@popayan.com'),
(87, '1234567976', 'Patricia', 'González', 'Calle 9 #30-50', 'Barranquilla', '3008901234', 'patricia.gonzalez@barranquilla.com'),
(88, '1234567977', 'Ricardo', 'Pérez', 'Carrera 4 #20-30', 'Santa Marta', '3009012345', 'ricardo.perez@santamarta.com'),
(89, '1234567978', 'Lucía', 'Mendoza', 'Avenida 5 #10-40', 'Bucaramanga', '3000123456', 'lucia.mendoza@bucaramanga.com'),
(90, '1234567979', 'Fabiola', 'Rivas', 'Calle 10 #40-60', 'Pasto', '3001234567', 'fabiola.rivas@pasto.com'),
(91, '1234567980', 'Emilio', 'Rodríguez', 'Carrera 2 #30-50', 'Neiva', '3002345678', 'emilio.rodriguez@neiva.com'),
(92, '1234567981', 'Ana', 'Torres', 'Avenida 4 #50-70', 'Villavicencio', '3003456789', 'ana.torres@villavicencio.com'),
(93, '1234567982', 'José', 'Vega', 'Calle 6 #40-60', 'Cali', '3004567890', 'jose.vega@cali.com'),
(94, '1234567983', 'Andrea', 'Suárez', 'Carrera 8 #50-70', 'Cúcuta', '3005678901', 'andrea.suarez@cucuta.com'),
(95, '1234567984', 'Manuel', 'González', 'Avenida 3 #20-40', 'Ibagué', '3006789012', 'manuel.gonzalez@ibague.com'),
(96, '1234567985', 'Cristina', 'Bravo', 'Calle 12 #30-50', 'Medellín', '3007890123', 'cristina.bravo@medellin.com'),
(97, '1234567986', 'Rosa', 'Mendoza', 'Carrera 5 #10-30', 'Pereira', '3008901234', 'rosa.mendoza@pereira.com'),
(98, '1234567987', 'Fernando', 'Vásquez', 'Avenida 6 #20-40', 'Barranquilla', '3009012345', 'fernando.vasquez@barranquilla.com'),
(99, '1234567988', 'Carlos', 'Bravo', 'Calle 4 #50-70', 'Popayán', '3000123456', 'carlos.bravo@popayan.com'),
(100, '1234567989', 'Gabriela', 'Ramírez', 'Carrera 3 #40-60', 'Santa Marta', '3001234567', 'gabriela.ramirez@santamarta.com');

-- INSERCIONES TABLA VEHICULO

INSERT INTO Vehiculo (tipo_vehiculo, placa, disponibilidad, referencia, modelo, puertas, capacidad, sunroof, motor, color) VALUES
('Sedan', 'ABC123', true, 'Toyota Camry', 2021, 4, 5, true, 'V6', 'Negro'),
('SUV', 'XYZ456', true, 'Honda CR-V', 2020, 4, 7, false, 'V4', 'Azul'),
('Camioneta', 'LMN789', false, 'Ford F-150', 2019, 4, 5, true, 'V8', 'Rojo'),
('Deportivo', 'DEF321', true, 'Chevrolet Corvette', 2022, 2, 2, true, 'V8', 'Blanco'),
('Sedan', 'GHI654', true, 'Nissan Altima', 2021, 4, 5, false, 'V4', 'Gris'),
('SUV', 'JKL987', false, 'Toyota RAV4', 2020, 4, 5, true, 'V4', 'Verde'),
('Camioneta', 'MNO258', true, 'RAM 1500', 2022, 4, 6, false, 'V6', 'Negro'),
('Deportivo', 'PQR159', true, 'Ford Mustang', 2022, 2, 2, true, 'V8', 'Amarillo'),
('Sedan', 'STU753', true, 'BMW 3 Series', 2021, 4, 5, false, 'V4', 'Plata'),
('SUV', 'VWX852', true, 'Jeep Cherokee', 2020, 4, 5, true, 'V6', 'Rojo'),
('Camioneta', 'YZA951', false, 'Chevrolet Silverado', 2021, 4, 5, false, 'V8', 'Azul'),
('Deportivo', 'BCD741', true, 'Porsche 911', 2023, 2, 2, true, 'V6', 'Verde'),
('Sedan', 'EFG852', true, 'Audi A4', 2020, 4, 5, false, 'V4', 'Negro'),
('SUV', 'HIJ963', false, 'Ford Escape', 2021, 4, 5, true, 'V4', 'Blanco'),
('Camioneta', 'KLM274', true, 'GMC Sierra', 2022, 4, 6, false, 'V8', 'Gris'),
('Deportivo', 'NOP385', true, 'Chevrolet Camaro', 2022, 2, 2, true, 'V6', 'Naranja'),
('Sedan', 'QRS496', true, 'Hyundai Sonata', 2021, 4, 5, false, 'V4', 'Azul'),
('SUV', 'TUV507', true, 'Mazda CX-5', 2020, 4, 5, true, 'V4', 'Rojo'),
('Camioneta', 'WXY618', true, 'Toyota Tacoma', 2023, 4, 5, false, 'V6', 'Negro'),
('Deportivo', 'ZAB729', true, 'Nissan 370Z', 2023, 2, 2, true, 'V6', 'Blanco'),
('Sedan', 'CDE930', true, 'Kia Optima', 2021, 4, 5, false, 'V4', 'Verde'),
('SUV', 'FGH041', false, 'Subaru Outback', 2020, 4, 5, true, 'V4', 'Gris'),
('Camioneta', 'IJK152', true, 'Honda Ridgeline', 2022, 4, 5, false, 'V6', 'Plata'),
('Deportivo', 'LMN263', true, 'Lexus LC', 2023, 2, 2, true, 'V8', 'Rojo'),
('Sedan', 'OPQ374', true, 'Mercedes-Benz C-Class', 2021, 4, 5, false, 'V4', 'Negro'),
('SUV', 'RST485', true, 'Volvo XC60', 2020, 4, 5, true, 'V4', 'Azul'),
('Camioneta', 'UVW596', true, 'Ford Bronco', 2022, 4, 6, false, 'V6', 'Blanco'),
('Deportivo', 'XYZ607', true, 'Aston Martin Vantage', 2023, 2, 2, true, 'V8', 'Negro'),
('Sedan', 'ABC708', true, 'Chrysler 300', 2021, 4, 5, false, 'V6', 'Gris'),
('SUV', 'DEF809', true, 'Honda Pilot', 2020, 4, 7, true, 'V6', 'Verde'),
('Camioneta', 'GHI910', false, 'Ford Ranger', 2021, 4, 5, true, 'V4', 'Plata'),
('Deportivo', 'JKL101', true, 'Maserati GranTurismo', 2023, 2, 2, true, 'V8', 'Azul'),
('Sedan', 'MNO112', true, 'Tesla Model 3', 2021, 4, 5, false, 'Eléctrico', 'Blanco'),
('SUV', 'PQR213', true, 'Nissan Pathfinder', 2022, 4, 7, true, 'V6', 'Negro'),
('Camioneta', 'STU314', false, 'Chevrolet Colorado', 2022, 4, 5, true, 'V6', 'Rojo'),
('Deportivo', 'VWX415', true, 'Ferrari 488', 2023, 2, 2, true, 'V8', 'Amarillo'),
('Sedan', 'YZA516', true, 'Mazda 6', 2020, 4, 5, false, 'V4', 'Gris'),
('SUV', 'BCD617', true, 'Kia Seltos', 2021, 4, 5, true, 'V4', 'Azul'),
('Camioneta', 'EFG718', true, 'Jeep Wrangler', 2022, 4, 5, false, 'V6', 'Blanco'),
('Deportivo', 'HIJ819', true, 'McLaren 720S', 2023, 2, 2, true, 'V8', 'Verde'),
('Sedan', 'KLM920', true, 'Subaru Legacy', 2020, 4, 5, false, 'V4', 'Rojo'),
('SUV', 'NOP021', true, 'Hyundai Tucson', 2021, 4, 5, true, 'V4', 'Negro'),
('Camioneta', 'QRS122', true, 'Ram 2500', 2023, 4, 6, false, 'V8', 'Verde'),
('Deportivo', 'TUV223', true, 'Lamborghini Huracán', 2023, 2, 2, true, 'V10', 'Amarillo'),
('Sedan', 'WXY324', true, 'Volkswagen Jetta', 2020, 4, 5, false, 'V4', 'Plata'),
('SUV', 'ZAB425', true, 'Toyota Highlander', 2022, 4, 7, true, 'V6', 'Blanco'),
('Camioneta', 'CDE526', true, 'Nissan Frontier', 2021, 4, 5, false, 'V6', 'Negro'),
('Deportivo', 'FGH627', true, 'BMW Z4', 2023, 2, 2, true, 'V6', 'Gris'),
('Sedan', 'IJK728', true, 'Ford Fusion', 2021, 4, 5, false, 'V4', 'Azul'),
('SUV', 'LMN829', true, 'Honda HR-V', 2020, 4, 5, true, 'V4', 'Rojo'),
('Camioneta', 'OPQ930', true, 'Chevrolet Blazer', 2022, 4, 5, false, 'V6', 'Gris'),
('Deportivo', 'RST031', true, 'Audi R8', 2023, 2, 2, true, 'V8', 'Negro'),
('Sedan', 'UVW132', true, 'Lincoln MKZ', 2021, 4, 5, false, 'V4', 'Plata'),
('SUV', 'XYZ233', true, 'Ford Explorer', 2021, 4, 7, true, 'V6', 'Verde'),
('Camioneta', 'ABC334', true, 'GMC Canyon', 2023, 4, 5, false, 'V6', 'Blanco'),
('Deportivo', 'DEF435', true, 'Bentley Continental GT', 2023, 2, 2, true, 'V8', 'Rojo'),
('Sedan', 'GHI536', true, 'Volvo S60', 2020, 4, 5, false, 'V4', 'Negro'),
('SUV', 'JKL637', true, 'Toyota 4Runner', 2022, 4, 5, true, 'V6', 'Azul'),
('Camioneta', 'MNO738', false, 'Toyota Tundra', 2021, 4, 5, false, 'V8', 'Rojo'),
('Deportivo', 'PQR839', true, 'Aston Martin DB11', 2023, 2, 2, true, 'V12', 'Blanco'),
('Sedan', 'STU940', true, 'Hyundai Elantra', 2021, 4, 5, false, 'V4', 'Plata'),
('SUV', 'VWX041', true, 'Chevrolet Equinox', 2021, 4, 5, true, 'V4', 'Verde'),
('Camioneta', 'YZA142', true, 'Ram Rebel', 2022, 4, 5, false, 'V6', 'Negro'),
('Deportivo', 'BCD243', true, 'Pagani Huayra', 2023, 2, 2, true, 'V12', 'Amarillo'),
('Sedan', 'EFG344', true, 'Kia Forte', 2021, 4, 5, false, 'V4', 'Rojo'),
('SUV', 'HIJ445', true, 'Mazda CX-9', 2021, 4, 7, true, 'V6', 'Azul'),
('Camioneta', 'KLM546', true, 'Honda Passport', 2022, 4, 5, false, 'V6', 'Plata'),
('Deportivo', 'NOP647', true, 'Ferrari F8', 2023, 2, 2, true, 'V8', 'Negro'),
('Sedan', 'QRS748', true, 'Chevrolet Malibu', 2020, 4, 5, false, 'V4', 'Blanco'),
('SUV', 'TUV849', true, 'Jeep Grand Cherokee', 2021, 4, 5, true, 'V6', 'Rojo'),
('Camioneta', 'WXY950', false, 'Ford Expedition', 2022, 4, 7, true, 'V6', 'Gris'),
('Deportivo', 'ZAB051', true, 'Koenigsegg Jesko', 2023, 2, 2, true, 'V8', 'Verde'),
('Sedan', 'CDE152', true, 'Buick Regal', 2021, 4, 5, false, 'V4', 'Plata');


-- INSERCIONES TABLA ALQUILER

INSERT INTO Alquiler (id_alquiler, id_cliente, id_vehiculo, id_empleado, id_sucursal_salida, fecha_salida, id_sucursal_llegada, fecha_llegada, fecha_esperada_llegada, valor_alquiler_por_semana, valor_alquiler_por_dia, porcentaje_descuento, valor_cotizado, valor_pagado)
VALUES
(1, 1, 5, 3, 1, '2024-11-01', 2, '2024-11-10', '2024-11-08', 350.00, 50.00, 10.00, 490.00, 450.00),
(2, 2, 7, 4, 2, '2024-11-02', 3, '2024-11-12', '2024-11-10', 400.00, 55.00, 5.00, 485.00, 460.00),
(3, 3, 9, 2, 3, '2024-11-05', 1, '2024-11-15', '2024-11-13', 450.00, 60.00, 15.00, 550.00, 470.00),
(4, 4, 2, 1, 4, '2024-11-07', 5, '2024-11-17', '2024-11-15', 500.00, 70.00, 20.00, 600.00, 480.00),
(5, 5, 3, 5, 1, '2024-11-10', 2, '2024-11-20', '2024-11-18', 600.00, 80.00, 10.00, 690.00, 620.00),
(6, 6, 8, 3, 2, '2024-11-12', 3, '2024-11-22', '2024-11-20', 350.00, 50.00, 5.00, 465.00, 440.00),
(7, 7, 4, 6, 3, '2024-11-14', 4, '2024-11-24', '2024-11-22', 450.00, 60.00, 12.00, 515.00, 455.00),
(8, 8, 6, 7, 4, '2024-11-16', 5, '2024-11-26', '2024-11-24', 500.00, 75.00, 18.00, 595.00, 510.00),
(9, 9, 10, 8, 5, '2024-11-18', 1, '2024-11-28', '2024-11-26', 600.00, 85.00, 25.00, 710.00, 620.00),
(10, 10, 5, 9, 1, '2024-11-20', 2, '2024-11-30', '2024-11-28', 450.00, 60.00, 10.00, 530.00, 480.00),
(11, 11, 7, 10, 2, '2024-11-21', 3, '2024-12-01', '2024-11-29', 400.00, 55.00, 15.00, 475.00, 455.00),
(12, 12, 9, 11, 3, '2024-11-23', 4, '2024-12-03', '2024-12-01', 450.00, 65.00, 5.00, 510.00, 485.00),
(13, 13, 2, 12, 4, '2024-11-25', 5, '2024-12-05', '2024-12-03', 500.00, 70.00, 20.00, 590.00, 470.00),
(14, 14, 3, 13, 5, '2024-11-28', 1, '2024-12-08', '2024-12-06', 600.00, 80.00, 18.00, 690.00, 600.00),
(15, 15, 4, 14, 1, '2024-11-30', 2, '2024-12-10', '2024-12-08', 450.00, 65.00, 10.00, 530.00, 485.00),
(16, 16, 8, 15, 2, '2024-12-02', 3, '2024-12-12', '2024-12-10', 400.00, 55.00, 12.00, 485.00, 460.00),
(17, 17, 6, 16, 3, '2024-12-04', 4, '2024-12-14', '2024-12-12', 350.00, 50.00, 8.00, 460.00, 430.00),
(18, 18, 10, 17, 4, '2024-12-06', 5, '2024-12-16', '2024-12-14', 450.00, 60.00, 5.00, 515.00, 475.00),
(19, 19, 3, 18, 5, '2024-12-08', 1, '2024-12-18', '2024-12-16', 500.00, 75.00, 15.00, 590.00, 510.00),
(20, 20, 5, 19, 1, '2024-12-10', 2, '2024-12-20', '2024-12-18', 600.00, 85.00, 10.00, 710.00, 630.00),
(21, 21, 7, 20, 2, '2024-12-12', 3, '2024-12-22', '2024-12-20', 350.00, 50.00, 5.00, 460.00, 440.00),
(22, 22, 9, 21, 3, '2024-12-14', 4, '2024-12-24', '2024-12-22', 450.00, 60.00, 8.00, 520.00, 470.00),
(23, 23, 2, 22, 4, '2024-12-16', 5, '2024-12-26', '2024-12-24', 500.00, 70.00, 12.00, 590.00, 510.00),
(24, 24, 8, 23, 5, '2024-12-18', 1, '2024-12-28', '2024-12-26', 400.00, 55.00, 18.00, 470.00, 455.00),
(25, 25, 3, 24, 1, '2024-12-20', 2, '2025-01-01', '2024-12-30', 600.00, 80.00, 20.00, 710.00, 630.00),
(26, 26, 4, 25, 2, '2024-12-22', 3, '2025-01-02', '2024-12-31', 450.00, 65.00, 5.00, 515.00, 475.00),
(27, 27, 10, 26, 3, '2024-12-24', 4, '2025-01-04', '2025-01-02', 500.00, 70.00, 15.00, 590.00, 510.00),
(28, 28, 2, 27, 4, '2024-12-26', 5, '2025-01-06', '2025-01-04', 400.00, 55.00, 18.00, 470.00, 455.00),
(29, 29, 5, 28, 5, '2024-12-28', 1, '2025-01-08', '2025-01-06', 350.00, 50.00, 10.00, 460.00, 430.00),
(30, 30, 7, 29, 1, '2025-01-01', 2, '2025-01-10', '2025-01-08', 450.00, 60.00, 15.00, 515.00, 470.00),
(31, 31, 6, 30, 2, '2025-01-03', 3, '2025-01-12', '2025-01-10', 400.00, 55.00, 5.00, 470.00, 445.00),
(32, 32, 8, 31, 3, '2025-01-05', 4, '2025-01-14', '2025-01-12', 450.00, 60.00, 10.00, 520.00, 470.00),
(33, 33, 4, 32, 4, '2025-01-07', 5, '2025-01-16', '2025-01-14', 500.00, 70.00, 20.00, 590.00, 510.00),
(34, 34, 3, 33, 5, '2025-01-09', 1, '2025-01-18', '2025-01-16', 350.00, 50.00, 5.00, 460.00, 435.00),
(35, 35, 2, 34, 1, '2025-01-11', 2, '2025-01-20', '2025-01-18', 600.00, 80.00, 12.00, 710.00, 625.00),
(36, 36, 5, 35, 2, '2025-01-13', 3, '2025-01-22', '2025-01-20', 400.00, 55.00, 10.00, 470.00, 450.00),
(37, 37, 7, 36, 3, '2025-01-15', 4, '2025-01-24', '2025-01-22', 450.00, 60.00, 5.00, 515.00, 475.00),
(38, 38, 6, 37, 4, '2025-01-17', 5, '2025-01-26', '2025-01-24', 500.00, 70.00, 15.00, 590.00, 510.00),
(39, 39, 8, 38, 5, '2025-01-19', 1, '2025-01-28', '2025-01-26', 350.00, 50.00, 18.00, 460.00, 440.00),
(40, 40, 9, 39, 1, '2025-01-21', 2, '2025-01-30', '2025-01-28', 450.00, 60.00, 5.00, 515.00, 475.00),
(41, 41, 2, 40, 2, '2025-01-23', 3, '2025-02-01', '2025-01-30', 400.00, 55.00, 12.00, 470.00, 455.00),
(42, 42, 10, 41, 3, '2025-01-25', 4, '2025-02-03', '2025-02-01', 500.00, 70.00, 8.00, 590.00, 510.00),
(43, 43, 4, 42, 4, '2025-01-27', 5, '2025-02-05', '2025-02-03', 600.00, 80.00, 20.00, 710.00, 625.00),
(44, 44, 7, 43, 5, '2025-01-29', 1, '2025-02-07', '2025-02-05', 350.00, 50.00, 5.00, 460.00, 440.00),
(45, 45, 6, 44, 1, '2025-01-31', 2, '2025-02-09', '2025-02-07', 400.00, 55.00, 18.00, 470.00, 455.00),
(46, 46, 8, 45, 2, '2025-02-02', 3, '2025-02-11', '2025-02-09', 450.00, 60.00, 12.00, 515.00, 475.00),
(47, 47, 9, 46, 3, '2025-02-04', 4, '2025-02-13', '2025-02-11', 500.00, 70.00, 10.00, 590.00, 510.00),
(48, 48, 3, 47, 4, '2025-02-06', 5, '2025-02-15', '2025-02-13', 350.00, 50.00, 5.00, 460.00, 440.00),
(49, 49, 2, 48, 5, '2025-02-08', 1, '2025-02-17', '2025-02-15', 600.00, 80.00, 10.00, 710.00, 625.00),
(50, 50, 10, 49, 1, '2025-02-10', 2, '2025-02-19', '2025-02-17', 450.00, 60.00, 15.00, 515.00, 475.00),
(51, 51, 7, 50, 1, '2025-02-12', 3, '2025-02-22', '2025-02-20', 400.00, 55.00, 8.00, 485.00, 455.00),
(52, 52, 9, 51, 2, '2025-02-14', 4, '2025-02-24', '2025-02-22', 450.00, 60.00, 5.00, 515.00, 475.00),
(53, 53, 2, 52, 3, '2025-02-16', 5, '2025-02-26', '2025-02-24', 500.00, 70.00, 20.00, 590.00, 510.00),
(54, 54, 3, 53, 4, '2025-02-18', 1, '2025-02-28', '2025-02-26', 600.00, 80.00, 15.00, 710.00, 625.00),
(55, 55, 8, 54, 5, '2025-02-20', 2, '2025-03-02', '2025-02-28', 350.00, 50.00, 5.00, 460.00, 440.00),
(56, 56, 10, 55, 1, '2025-02-22', 3, '2025-03-04', '2025-03-02', 450.00, 60.00, 12.00, 515.00, 475.00),
(57, 57, 4, 56, 2, '2025-02-24', 4, '2025-03-06', '2025-03-04', 500.00, 70.00, 8.00, 590.00, 510.00),
(58, 58, 5, 57, 3, '2025-02-26', 5, '2025-03-08', '2025-03-06', 600.00, 80.00, 20.00, 710.00, 625.00),
(59, 59, 3, 58, 4, '2025-02-28', 1, '2025-03-10', '2025-03-08', 450.00, 60.00, 5.00, 520.00, 485.00),
(60, 60, 7, 59, 1, '2025-03-02', 2, '2025-03-12', '2025-03-10', 400.00, 55.00, 18.00, 470.00, 450.00),
(61, 61, 8, 60, 2, '2025-03-04', 3, '2025-03-14', '2025-03-12', 450.00, 60.00, 10.00, 515.00, 475.00),
(62, 62, 2, 61, 3, '2025-03-06', 4, '2025-03-16', '2025-03-14', 500.00, 70.00, 5.00, 590.00, 510.00),
(63, 63, 5, 62, 4, '2025-03-08', 5, '2025-03-18', '2025-03-16', 600.00, 80.00, 10.00, 710.00, 625.00),
(64, 64, 3, 63, 5, '2025-03-10', 1, '2025-03-20', '2025-03-18', 450.00, 60.00, 12.00, 515.00, 475.00),
(65, 65, 6, 64, 1, '2025-03-12', 2, '2025-03-22', '2025-03-20', 400.00, 55.00, 8.00, 470.00, 450.00),
(66, 66, 10, 65, 2, '2025-03-14', 3, '2025-03-24', '2025-03-22', 450.00, 60.00, 15.00, 515.00, 475.00),
(67, 67, 2, 66, 3, '2025-03-16', 4, '2025-03-26', '2025-03-24', 500.00, 70.00, 12.00, 590.00, 510.00),
(68, 68, 4, 67, 4, '2025-03-18', 5, '2025-03-28', '2025-03-26', 600.00, 80.00, 8.00, 710.00, 625.00),
(69, 69, 5, 68, 1, '2025-03-20', 2, '2025-03-30', '2025-03-28', 450.00, 60.00, 10.00, 515.00, 475.00),
(70, 70, 9, 69, 2, '2025-03-22', 3, '2025-04-01', '2025-03-30', 400.00, 55.00, 5.00, 470.00, 450.00),
(71, 71, 6, 70, 3, '2025-03-24', 4, '2025-04-03', '2025-04-01', 450.00, 60.00, 18.00, 515.00, 475.00),
(72, 72, 3, 71, 4, '2025-03-26', 5, '2025-04-05', '2025-04-03', 500.00, 70.00, 12.00, 590.00, 510.00),
(73, 73, 7, 72, 5, '2025-03-28', 1, '2025-04-07', '2025-04-05', 600.00, 80.00, 5.00, 710.00, 625.00),
(74, 74, 9, 73, 1, '2025-03-30', 2, '2025-04-09', '2025-04-07', 450.00, 60.00, 8.00, 515.00, 475.00),
(75, 75, 6, 74, 2, '2025-04-01', 3, '2025-04-11', '2025-04-09', 400.00, 55.00, 12.00, 470.00, 450.00),
(76, 76, 10, 75, 3, '2025-04-03', 4, '2025-04-13', '2025-04-11', 450.00, 60.00, 10.00, 515.00, 475.00),
(77, 77, 2, 76, 4, '2025-04-05', 5, '2025-04-15', '2025-04-13', 500.00, 70.00, 18.00, 590.00, 510.00),
(78, 78, 3, 77, 5, '2025-04-07', 1, '2025-04-17', '2025-04-15', 600.00, 80.00, 12.00, 710.00, 625.00),
(79, 79, 8, 78, 1, '2025-04-09', 2, '2025-04-19', '2025-04-17', 450.00, 60.00, 5.00, 515.00, 475.00),
(80, 80, 5, 79, 2, '2025-04-11', 3, '2025-04-21', '2025-04-19', 400.00, 55.00, 10.00, 470.00, 450.00),
(81, 81, 6, 80, 3, '2025-04-13', 4, '2025-04-23', '2025-04-21', 450.00, 60.00, 18.00, 515.00, 475.00),
(82, 82, 2, 81, 4, '2025-04-15', 5, '2025-04-25', '2025-04-23', 500.00, 70.00, 5.00, 590.00, 510.00),
(83, 83, 5, 82, 5, '2025-04-17', 1, '2025-04-27', '2025-04-25', 600.00, 80.00, 10.00, 710.00, 625.00),
(84, 84, 10, 83, 1, '2025-04-19', 2, '2025-04-29', '2025-04-27', 450.00, 60.00, 8.00, 515.00, 475.00),
(85, 85, 7, 84, 2, '2025-04-21', 3, '2025-05-01', '2025-04-29', 400.00, 55.00, 5.00, 470.00, 450.00),
(86, 86, 3, 85, 3, '2025-04-23', 4, '2025-05-03', '2025-05-01', 450.00, 60.00, 18.00, 515.00, 475.00),
(87, 87, 9, 86, 4, '2025-04-25', 5, '2025-05-05', '2025-05-03', 500.00, 70.00, 12.00, 590.00, 510.00),
(88, 88, 7, 87, 5, '2025-04-27', 1, '2025-05-07', '2025-05-05', 600.00, 80.00, 8.00, 710.00, 625.00),
(89, 89, 8, 88, 1, '2025-04-29', 2, '2025-05-09', '2025-05-07', 450.00, 60.00, 15.00, 515.00, 475.00),
(90, 90, 5, 89, 2, '2025-05-01', 3, '2025-05-11', '2025-05-09', 400.00, 55.00, 10.00, 470.00, 450.00),
(91, 91, 6, 90, 3, '2025-05-03', 4, '2025-05-13', '2025-05-11', 450.00, 60.00, 5.00, 515.00, 475.00),
(92, 92, 2, 91, 4, '2025-05-05', 5, '2025-05-15', '2025-05-13', 500.00, 70.00, 8.00, 590.00, 510.00),
(93, 93, 5, 92, 5, '2025-05-07', 1, '2025-05-17', '2025-05-15', 600.00, 80.00, 15.00, 710.00, 625.00),
(94, 94, 10, 93, 1, '2025-05-09', 2, '2025-05-19', '2025-05-17', 450.00, 60.00, 18.00, 515.00, 475.00),
(95, 95, 7, 94, 2, '2025-05-11', 3, '2025-05-21', '2025-05-19', 400.00, 55.00, 12.00, 470.00, 450.00),
(96, 96, 9, 95, 3, '2025-05-13', 4, '2025-05-23', '2025-05-21', 450.00, 60.00, 10.00, 515.00, 475.00),
(97, 97, 2, 96, 4, '2025-05-15', 5, '2025-05-25', '2025-05-23', 500.00, 70.00, 5.00, 590.00, 510.00),
(98, 98, 4, 97, 5, '2025-05-17', 1, '2025-05-27', '2025-05-25', 600.00, 80.00, 18.00, 710.00, 625.00),
(99, 99, 3, 98, 1, '2025-05-19', 2, '2025-05-29', '2025-05-27', 450.00, 60.00, 12.00, 515.00, 475.00),
(100, 100, 7, 99, 2, '2025-05-21', 3, '2025-05-31', '2025-05-29', 400.00, 55.00, 8.00, 470.00, 450.00); 
